{
  "name": "node-authentication",
  "lockfileVersion": 2,
  "requires": true,
  "packages": {
    "": {
      "name": "node-authentication",
      "dependencies": {
        "bcrypt-nodejs": "latest",
        "body-parser": "^1.18.3",
        "connect-flash": "~0.1.1",
        "cookie-parser": "~1.4.3",
        "ejs": "~2.5.2",
        "express": "^4.16.4",
        "express-session": "^1.15.6",
        "lodash": "^4.17.20",
        "method-override": "~2.3.6",
        "mongodb": "^3.3.4",
        "mongoose": "^5.12.1",
        "morgan": "^1.9.1",
        "mpath": ">=0.5.1",
        "passport": "~0.3.2",
        "passport-facebook": "~2.1.1",
        "passport-google-oauth": "~1.0.0",
        "passport-local": "~1.0.0",
        "passport-twitter": "~1.0.4"
      }
    },
    "node_modules/@types/bson": {
      "version": "4.0.3",
      "resolved": "https://registry.npmjs.org/@types/bson/-/bson-4.0.3.tgz",
      "integrity": "sha512-mVRvYnTOZJz3ccpxhr3wgxVmSeiYinW+zlzQz3SXWaJmD1DuL05Jeq7nKw3SnbKmbleW5qrLG5vdyWe/A9sXhw==",
      "dependencies": {
        "@types/node": "*"
      }
    },
    "node_modules/@types/mongodb": {
      "version": "3.6.10",
      "resolved": "https://registry.npmjs.org/@types/mongodb/-/mongodb-3.6.10.tgz",
      "integrity": "sha512-BkwAHFiZSSWdTIqbUVGmgvIsiXXjqAketeK7Izy7oSs6G3N8Bn993tK9eq6QEovQDx6OQ2FGP2KWDDxBzdlJ6Q==",
      "dependencies": {
        "@types/bson": "*",
        "@types/node": "*"
      }
    },
    "node_modules/@types/node": {
      "version": "14.14.35",
      "resolved": "https://registry.npmjs.org/@types/node/-/node-14.14.35.tgz",
      "integrity": "sha512-Lt+wj8NVPx0zUmUwumiVXapmaLUcAk3yPuHCFVXras9k5VT9TdhJqKqGVUQCD60OTMCl0qxJ57OiTL0Mic3Iag=="
    },
    "node_modules/accepts": {
      "version": "1.3.7",
      "resolved": "https://registry.npmjs.org/accepts/-/accepts-1.3.7.tgz",
      "integrity": "sha512-Il80Qs2WjYlJIBNzNkK6KYqlVMTbZLXgHx2oT0pU/fjRHyEp+PEfEPY0R3WCwAGVOtauxh1hOxNgIf5bv7dQpA==",
      "dependencies": {
        "mime-types": "~2.1.24",
        "negotiator": "0.6.2"
      },
      "engines": {
        "node": ">= 0.6"
      }
    },
    "node_modules/array-flatten": {
      "version": "1.1.1",
      "resolved": "https://registry.npmjs.org/array-flatten/-/array-flatten-1.1.1.tgz",
      "integrity": "sha1-ml9pkFGx5wczKPKgCJaLZOopVdI="
    },
    "node_modules/base64url": {
      "version": "3.0.1",
      "resolved": "https://registry.npmjs.org/base64url/-/base64url-3.0.1.tgz",
      "integrity": "sha512-ir1UPr3dkwexU7FdV8qBBbNDRUhMmIekYMFZfi+C/sLNnRESKPl23nB9b2pltqfOQNnGzsDdId90AEtG5tCx4A==",
      "engines": {
        "node": ">=6.0.0"
      }
    },
    "node_modules/basic-auth": {
      "version": "2.0.1",
      "resolved": "https://registry.npmjs.org/basic-auth/-/basic-auth-2.0.1.tgz",
      "integrity": "sha512-NF+epuEdnUYVlGuhaxbbq+dvJttwLnGY+YixlXlME5KpQ5W3CnXA5cVTneY3SPbPDRkcjMbifrwmFYcClgOZeg==",
      "dependencies": {
        "safe-buffer": "5.1.2"
      },
      "engines": {
        "node": ">= 0.8"
      }
    },
    "node_modules/bcrypt-nodejs": {
      "version": "0.0.3",
      "resolved": "https://registry.npmjs.org/bcrypt-nodejs/-/bcrypt-nodejs-0.0.3.tgz",
      "integrity": "sha1-xgkX8m3CNWYVZsaBBhwwPCsohCs="
    },
    "node_modules/bl": {
      "version": "2.2.1",
      "resolved": "https://registry.npmjs.org/bl/-/bl-2.2.1.tgz",
      "integrity": "sha512-6Pesp1w0DEX1N550i/uGV/TqucVL4AM/pgThFSN/Qq9si1/DF9aIHs1BxD8V/QU0HoeHO6cQRTAuYnLPKq1e4g==",
      "dependencies": {
        "readable-stream": "^2.3.5",
        "safe-buffer": "^5.1.1"
      }
    },
    "node_modules/bluebird": {
      "version": "3.5.1",
      "resolved": "https://registry.npmjs.org/bluebird/-/bluebird-3.5.1.tgz",
      "integrity": "sha512-MKiLiV+I1AA596t9w1sQJ8jkiSr5+ZKi0WKrYGUn6d1Fx+Ij4tIj+m2WMQSGczs5jZVxV339chE8iwk6F64wjA=="
    },
    "node_modules/body-parser": {
      "version": "1.19.0",
      "resolved": "https://registry.npmjs.org/body-parser/-/body-parser-1.19.0.tgz",
      "integrity": "sha512-dhEPs72UPbDnAQJ9ZKMNTP6ptJaionhP5cBb541nXPlW60Jepo9RV/a4fX4XWW9CuFNK22krhrj1+rgzifNCsw==",
      "dependencies": {
        "bytes": "3.1.0",
        "content-type": "~1.0.4",
        "debug": "2.6.9",
        "depd": "~1.1.2",
        "http-errors": "1.7.2",
        "iconv-lite": "0.4.24",
        "on-finished": "~2.3.0",
        "qs": "6.7.0",
        "raw-body": "2.4.0",
        "type-is": "~1.6.17"
      },
      "engines": {
        "node": ">= 0.8"
      }
    },
    "node_modules/bson": {
      "version": "1.1.3",
      "resolved": "https://registry.npmjs.org/bson/-/bson-1.1.3.tgz",
      "integrity": "sha512-TdiJxMVnodVS7r0BdL42y/pqC9cL2iKynVwA0Ho3qbsQYr428veL3l7BQyuqiw+Q5SqqoT0m4srSY/BlZ9AxXg==",
      "engines": {
        "node": ">=0.6.19"
      }
    },
    "node_modules/bytes": {
      "version": "3.1.0",
      "resolved": "https://registry.npmjs.org/bytes/-/bytes-3.1.0.tgz",
      "integrity": "sha512-zauLjrfCG+xvoyaqLoV8bLVXXNGC4JqlxFCutSDWA6fJrTo2ZuvLYTqZ7aHBLZSMOopbzwv8f+wZcVzfVTI2Dg==",
      "engines": {
        "node": ">= 0.8"
      }
    },
    "node_modules/connect-flash": {
      "version": "0.1.1",
      "resolved": "https://registry.npmjs.org/connect-flash/-/connect-flash-0.1.1.tgz",
      "integrity": "sha1-2GMPJtlaf4UfmVax6MxnMvO2qjA=",
      "engines": {
        "node": ">= 0.4.0"
      }
    },
    "node_modules/content-disposition": {
      "version": "0.5.3",
      "resolved": "https://registry.npmjs.org/content-disposition/-/content-disposition-0.5.3.tgz",
      "integrity": "sha512-ExO0774ikEObIAEV9kDo50o+79VCUdEB6n6lzKgGwupcVeRlhrj3qGAfwq8G6uBJjkqLrhT0qEYFcWng8z1z0g==",
      "dependencies": {
        "safe-buffer": "5.1.2"
      },
      "engines": {
        "node": ">= 0.6"
      }
    },
    "node_modules/content-type": {
      "version": "1.0.4",
      "resolved": "https://registry.npmjs.org/content-type/-/content-type-1.0.4.tgz",
      "integrity": "sha512-hIP3EEPs8tB9AT1L+NUqtwOAps4mk2Zob89MWXMHjHWg9milF/j4osnnQLXBCBFBk/tvIG/tUc9mOUJiPBhPXA==",
      "engines": {
        "node": ">= 0.6"
      }
    },
    "node_modules/cookie": {
      "version": "0.4.0",
      "resolved": "https://registry.npmjs.org/cookie/-/cookie-0.4.0.tgz",
      "integrity": "sha512-+Hp8fLp57wnUSt0tY0tHEXh4voZRDnoIrZPqlo3DPiI4y9lwg/jqx+1Om94/W6ZaPDOUbnjOt/99w66zk+l1Xg==",
      "engines": {
        "node": ">= 0.6"
      }
    },
    "node_modules/cookie-parser": {
      "version": "1.4.5",
      "resolved": "https://registry.npmjs.org/cookie-parser/-/cookie-parser-1.4.5.tgz",
      "integrity": "sha512-f13bPUj/gG/5mDr+xLmSxxDsB9DQiTIfhJS/sqjrmfAWiAN+x2O4i/XguTL9yDZ+/IFDanJ+5x7hC4CXT9Tdzw==",
      "dependencies": {
        "cookie": "0.4.0",
        "cookie-signature": "1.0.6"
      },
      "engines": {
        "node": ">= 0.8.0"
      }
    },
    "node_modules/cookie-signature": {
      "version": "1.0.6",
      "resolved": "https://registry.npmjs.org/cookie-signature/-/cookie-signature-1.0.6.tgz",
      "integrity": "sha1-4wOogrNCzD7oylE6eZmXNNqzriw="
    },
    "node_modules/core-util-is": {
      "version": "1.0.2",
      "resolved": "https://registry.npmjs.org/core-util-is/-/core-util-is-1.0.2.tgz",
      "integrity": "sha1-tf1UIgqivFq1eqtxQMlAdUUDwac="
    },
    "node_modules/debug": {
      "version": "2.6.9",
      "resolved": "https://registry.npmjs.org/debug/-/debug-2.6.9.tgz",
      "integrity": "sha512-bC7ElrdJaJnPbAP+1EotYvqZsb3ecl5wi6Bfi6BJTUcNowp6cvspg0jXznRTKDjm/E7AdgFBVeAPVMNcKGsHMA==",
      "dependencies": {
        "ms": "2.0.0"
      }
    },
    "node_modules/denque": {
      "version": "1.4.1",
      "resolved": "https://registry.npmjs.org/denque/-/denque-1.4.1.tgz",
      "integrity": "sha512-OfzPuSZKGcgr96rf1oODnfjqBFmr1DVoc/TrItj3Ohe0Ah1C5WX5Baquw/9U9KovnQ88EqmJbD66rKYUQYN1tQ==",
      "engines": {
        "node": ">=0.10"
      }
    },
    "node_modules/depd": {
      "version": "1.1.2",
      "resolved": "https://registry.npmjs.org/depd/-/depd-1.1.2.tgz",
      "integrity": "sha1-m81S4UwJd2PnSbJ0xDRu0uVgtak=",
      "engines": {
        "node": ">= 0.6"
      }
    },
    "node_modules/destroy": {
      "version": "1.0.4",
      "resolved": "https://registry.npmjs.org/destroy/-/destroy-1.0.4.tgz",
      "integrity": "sha1-l4hXRCxEdJ5CBmE+N5RiBYJqvYA="
    },
    "node_modules/ee-first": {
      "version": "1.1.1",
      "resolved": "https://registry.npmjs.org/ee-first/-/ee-first-1.1.1.tgz",
      "integrity": "sha1-WQxhFWsK4vTwJVcyoViyZrxWsh0="
    },
    "node_modules/ejs": {
      "version": "2.5.9",
      "resolved": "https://registry.npmjs.org/ejs/-/ejs-2.5.9.tgz",
      "integrity": "sha512-GJCAeDBKfREgkBtgrYSf9hQy9kTb3helv0zGdzqhM7iAkW8FA/ZF97VQDbwFiwIT8MQLLOe5VlPZOEvZAqtUAQ==",
      "engines": {
        "node": ">=0.10.0"
      }
    },
    "node_modules/encodeurl": {
      "version": "1.0.2",
      "resolved": "https://registry.npmjs.org/encodeurl/-/encodeurl-1.0.2.tgz",
      "integrity": "sha1-rT/0yG7C0CkyL1oCw6mmBslbP1k=",
      "engines": {
        "node": ">= 0.8"
      }
    },
    "node_modules/escape-html": {
      "version": "1.0.3",
      "resolved": "https://registry.npmjs.org/escape-html/-/escape-html-1.0.3.tgz",
      "integrity": "sha1-Aljq5NPQwJdN4cFpGI7wBR0dGYg="
    },
    "node_modules/etag": {
      "version": "1.8.1",
      "resolved": "https://registry.npmjs.org/etag/-/etag-1.8.1.tgz",
      "integrity": "sha1-Qa4u62XvpiJorr/qg6x9eSmbCIc=",
      "engines": {
        "node": ">= 0.6"
      }
    },
    "node_modules/express": {
      "version": "4.17.1",
      "resolved": "https://registry.npmjs.org/express/-/express-4.17.1.tgz",
      "integrity": "sha512-mHJ9O79RqluphRrcw2X/GTh3k9tVv8YcoyY4Kkh4WDMUYKRZUq0h1o0w2rrrxBqM7VoeUVqgb27xlEMXTnYt4g==",
      "dependencies": {
        "accepts": "~1.3.7",
        "array-flatten": "1.1.1",
        "body-parser": "1.19.0",
        "content-disposition": "0.5.3",
        "content-type": "~1.0.4",
        "cookie": "0.4.0",
        "cookie-signature": "1.0.6",
        "debug": "2.6.9",
        "depd": "~1.1.2",
        "encodeurl": "~1.0.2",
        "escape-html": "~1.0.3",
        "etag": "~1.8.1",
        "finalhandler": "~1.1.2",
        "fresh": "0.5.2",
        "merge-descriptors": "1.0.1",
        "methods": "~1.1.2",
        "on-finished": "~2.3.0",
        "parseurl": "~1.3.3",
        "path-to-regexp": "0.1.7",
        "proxy-addr": "~2.0.5",
        "qs": "6.7.0",
        "range-parser": "~1.2.1",
        "safe-buffer": "5.1.2",
        "send": "0.17.1",
        "serve-static": "1.14.1",
        "setprototypeof": "1.1.1",
        "statuses": "~1.5.0",
        "type-is": "~1.6.18",
        "utils-merge": "1.0.1",
        "vary": "~1.1.2"
      },
      "engines": {
        "node": ">= 0.10.0"
      }
    },
    "node_modules/express-session": {
      "version": "1.17.0",
      "resolved": "https://registry.npmjs.org/express-session/-/express-session-1.17.0.tgz",
      "integrity": "sha512-t4oX2z7uoSqATbMfsxWMbNjAL0T5zpvcJCk3Z9wnPPN7ibddhnmDZXHfEcoBMG2ojKXZoCyPMc5FbtK+G7SoDg==",
      "dependencies": {
        "cookie": "0.4.0",
        "cookie-signature": "1.0.6",
        "debug": "2.6.9",
        "depd": "~2.0.0",
        "on-headers": "~1.0.2",
        "parseurl": "~1.3.3",
        "safe-buffer": "5.2.0",
        "uid-safe": "~2.1.5"
      },
      "engines": {
        "node": ">= 0.8.0"
      }
    },
    "node_modules/express-session/node_modules/depd": {
      "version": "2.0.0",
      "resolved": "https://registry.npmjs.org/depd/-/depd-2.0.0.tgz",
      "integrity": "sha512-g7nH6P6dyDioJogAAGprGpCtVImJhpPk/roCzdb3fIh61/s/nPsfR6onyMwkCAR/OlC3yBC0lESvUoQEAssIrw==",
      "engines": {
        "node": ">= 0.8"
      }
    },
    "node_modules/express-session/node_modules/safe-buffer": {
      "version": "5.2.0",
      "resolved": "https://registry.npmjs.org/safe-buffer/-/safe-buffer-5.2.0.tgz",
      "integrity": "sha512-fZEwUGbVl7kouZs1jCdMLdt95hdIv0ZeHg6L7qPeciMZhZ+/gdesW4wgTARkrFWEpspjEATAzUGPG8N2jJiwbg=="
    },
    "node_modules/finalhandler": {
      "version": "1.1.2",
      "resolved": "https://registry.npmjs.org/finalhandler/-/finalhandler-1.1.2.tgz",
      "integrity": "sha512-aAWcW57uxVNrQZqFXjITpW3sIUQmHGG3qSb9mUah9MgMC4NeWhNOlNjXEYq3HjRAvL6arUviZGGJsBg6z0zsWA==",
      "dependencies": {
        "debug": "2.6.9",
        "encodeurl": "~1.0.2",
        "escape-html": "~1.0.3",
        "on-finished": "~2.3.0",
        "parseurl": "~1.3.3",
        "statuses": "~1.5.0",
        "unpipe": "~1.0.0"
      },
      "engines": {
        "node": ">= 0.8"
      }
    },
    "node_modules/forwarded": {
      "version": "0.1.2",
      "resolved": "https://registry.npmjs.org/forwarded/-/forwarded-0.1.2.tgz",
      "integrity": "sha1-mMI9qxF1ZXuMBXPozszZGw/xjIQ=",
      "engines": {
        "node": ">= 0.6"
      }
    },
    "node_modules/fresh": {
      "version": "0.5.2",
      "resolved": "https://registry.npmjs.org/fresh/-/fresh-0.5.2.tgz",
      "integrity": "sha1-PYyt2Q2XZWn6g1qx+OSyOhBWBac=",
      "engines": {
        "node": ">= 0.6"
      }
    },
    "node_modules/http-errors": {
      "version": "1.7.2",
      "resolved": "https://registry.npmjs.org/http-errors/-/http-errors-1.7.2.tgz",
      "integrity": "sha512-uUQBt3H/cSIVfch6i1EuPNy/YsRSOUBXTVfZ+yR7Zjez3qjBz6i9+i4zjNaoqcoFVI4lQJ5plg63TvGfRSDCRg==",
      "dependencies": {
        "depd": "~1.1.2",
        "inherits": "2.0.3",
        "setprototypeof": "1.1.1",
        "statuses": ">= 1.5.0 < 2",
        "toidentifier": "1.0.0"
      },
      "engines": {
        "node": ">= 0.6"
      }
    },
    "node_modules/iconv-lite": {
      "version": "0.4.24",
      "resolved": "https://registry.npmjs.org/iconv-lite/-/iconv-lite-0.4.24.tgz",
      "integrity": "sha512-v3MXnZAcvnywkTUEZomIActle7RXXeedOR31wwl7VlyoXO4Qi9arvSenNQWne1TcRwhCL1HwLI21bEqdpj8/rA==",
      "dependencies": {
        "safer-buffer": ">= 2.1.2 < 3"
      },
      "engines": {
        "node": ">=0.10.0"
      }
    },
    "node_modules/inherits": {
      "version": "2.0.3",
      "resolved": "https://registry.npmjs.org/inherits/-/inherits-2.0.3.tgz",
      "integrity": "sha1-Yzwsg+PaQqUC9SRmAiSA9CCCYd4="
    },
    "node_modules/ipaddr.js": {
      "version": "1.9.1",
      "resolved": "https://registry.npmjs.org/ipaddr.js/-/ipaddr.js-1.9.1.tgz",
      "integrity": "sha512-0KI/607xoxSToH7GjN1FfSbLoU0+btTicjsQSWQlh/hZykN8KpmMf7uYwPW3R+akZ6R/w18ZlXSHBYXiYUPO3g==",
      "engines": {
        "node": ">= 0.10"
      }
    },
    "node_modules/isarray": {
      "version": "1.0.0",
      "resolved": "https://registry.npmjs.org/isarray/-/isarray-1.0.0.tgz",
      "integrity": "sha1-u5NdSFgsuhaMBoNJV6VKPgcSTxE="
    },
    "node_modules/kareem": {
      "version": "2.3.2",
      "resolved": "https://registry.npmjs.org/kareem/-/kareem-2.3.2.tgz",
      "integrity": "sha512-STHz9P7X2L4Kwn72fA4rGyqyXdmrMSdxqHx9IXon/FXluXieaFA6KJ2upcHAHxQPQ0LeM/OjLrhFxifHewOALQ=="
    },
    "node_modules/lodash": {
      "version": "4.17.20",
      "resolved": "https://registry.npmjs.org/lodash/-/lodash-4.17.20.tgz",
      "integrity": "sha512-PlhdFcillOINfeV7Ni6oF1TAEayyZBoZ8bcshTHqOYJYlrqzRK5hagpagky5o4HfCzzd1TRkXPMFq6cKk9rGmA=="
    },
    "node_modules/media-typer": {
      "version": "0.3.0",
      "resolved": "https://registry.npmjs.org/media-typer/-/media-typer-0.3.0.tgz",
      "integrity": "sha1-hxDXrwqmJvj/+hzgAWhUUmMlV0g=",
      "engines": {
        "node": ">= 0.6"
      }
    },
    "node_modules/memory-pager": {
      "version": "1.5.0",
      "resolved": "https://registry.npmjs.org/memory-pager/-/memory-pager-1.5.0.tgz",
      "integrity": "sha512-ZS4Bp4r/Zoeq6+NLJpP+0Zzm0pR8whtGPf1XExKLJBAczGMnSi3It14OiNCStjQjM6NU1okjQGSxgEZN8eBYKg==",
      "optional": true
    },
    "node_modules/merge-descriptors": {
      "version": "1.0.1",
      "resolved": "https://registry.npmjs.org/merge-descriptors/-/merge-descriptors-1.0.1.tgz",
      "integrity": "sha1-sAqqVW3YtEVoFQ7J0blT8/kMu2E="
    },
    "node_modules/method-override": {
      "version": "2.3.10",
      "resolved": "https://registry.npmjs.org/method-override/-/method-override-2.3.10.tgz",
      "integrity": "sha1-49r41d7hDdLc59SuiNYrvud0drQ=",
      "dependencies": {
        "debug": "2.6.9",
        "methods": "~1.1.2",
        "parseurl": "~1.3.2",
        "vary": "~1.1.2"
      },
      "engines": {
        "node": ">= 0.8.0"
      }
    },
    "node_modules/methods": {
      "version": "1.1.2",
      "resolved": "https://registry.npmjs.org/methods/-/methods-1.1.2.tgz",
      "integrity": "sha1-VSmk1nZUE07cxSZmVoNbD4Ua/O4=",
      "engines": {
        "node": ">= 0.6"
      }
    },
    "node_modules/mime": {
      "version": "1.6.0",
      "resolved": "https://registry.npmjs.org/mime/-/mime-1.6.0.tgz",
      "integrity": "sha512-x0Vn8spI+wuJ1O6S7gnbaQg8Pxh4NNHb7KSINmEWKiPE4RKOplvijn+NkmYmmRgP68mc70j2EbeTFRsrswaQeg==",
      "bin": {
        "mime": "cli.js"
      },
      "engines": {
        "node": ">=4"
      }
    },
    "node_modules/mime-db": {
      "version": "1.43.0",
      "resolved": "https://registry.npmjs.org/mime-db/-/mime-db-1.43.0.tgz",
      "integrity": "sha512-+5dsGEEovYbT8UY9yD7eE4XTc4UwJ1jBYlgaQQF38ENsKR3wj/8q8RFZrF9WIZpB2V1ArTVFUva8sAul1NzRzQ==",
      "engines": {
        "node": ">= 0.6"
      }
    },
    "node_modules/mime-types": {
      "version": "2.1.26",
      "resolved": "https://registry.npmjs.org/mime-types/-/mime-types-2.1.26.tgz",
      "integrity": "sha512-01paPWYgLrkqAyrlDorC1uDwl2p3qZT7yl806vW7DvDoxwXi46jsjFbg+WdwotBIk6/MbEhO/dh5aZ5sNj/dWQ==",
      "dependencies": {
        "mime-db": "1.43.0"
      },
      "engines": {
        "node": ">= 0.6"
      }
    },
    "node_modules/mongodb": {
      "version": "3.5.5",
      "resolved": "https://registry.npmjs.org/mongodb/-/mongodb-3.5.5.tgz",
      "integrity": "sha512-GCjDxR3UOltDq00Zcpzql6dQo1sVry60OXJY3TDmFc2SWFY6c8Gn1Ardidc5jDirvJrx2GC3knGOImKphbSL3A==",
      "dependencies": {
        "bl": "^2.2.0",
        "bson": "^1.1.1",
        "denque": "^1.4.1",
        "require_optional": "^1.0.1",
        "safe-buffer": "^5.1.2"
      },
      "engines": {
        "node": ">=4"
      },
      "optionalDependencies": {
        "saslprep": "^1.0.0"
      }
    },
    "node_modules/mongoose": {
      "version": "5.12.1",
      "resolved": "https://registry.npmjs.org/mongoose/-/mongoose-5.12.1.tgz",
      "integrity": "sha512-g/oIEvQQrK1XcICS/PfzU1Gu1s6Uw1rgJP7/SfC3Ru6pTLa1dH2Lb+iJipNWqChbrykE78j/wwBVSsbyCZRl5Q==",
      "dependencies": {
        "@types/mongodb": "^3.5.27",
        "bson": "^1.1.4",
        "kareem": "2.3.2",
        "mongodb": "3.6.5",
        "mongoose-legacy-pluralize": "1.0.2",
        "mpath": "0.8.3",
        "mquery": "3.2.4",
        "ms": "2.1.2",
        "regexp-clone": "1.0.0",
        "safe-buffer": "5.2.1",
        "sift": "7.0.1",
        "sliced": "1.0.1"
      },
      "engines": {
        "node": ">=4.0.0"
      }
    },
    "node_modules/mongoose-legacy-pluralize": {
      "version": "1.0.2",
      "resolved": "https://registry.npmjs.org/mongoose-legacy-pluralize/-/mongoose-legacy-pluralize-1.0.2.tgz",
      "integrity": "sha512-Yo/7qQU4/EyIS8YDFSeenIvXxZN+ld7YdV9LqFVQJzTLye8unujAWPZ4NWKfFA+RNjh+wvTWKY9Z3E5XM6ZZiQ=="
    },
    "node_modules/mongoose/node_modules/bson": {
      "version": "1.1.6",
      "resolved": "https://registry.npmjs.org/bson/-/bson-1.1.6.tgz",
      "integrity": "sha512-EvVNVeGo4tHxwi8L6bPj3y3itEvStdwvvlojVxxbyYfoaxJ6keLgrTuKdyfEAszFK+H3olzBuafE0yoh0D1gdg==",
      "engines": {
        "node": ">=0.6.19"
      }
    },
    "node_modules/mongoose/node_modules/mongodb": {
      "version": "3.6.5",
      "resolved": "https://registry.npmjs.org/mongodb/-/mongodb-3.6.5.tgz",
      "integrity": "sha512-mQlYKw1iGbvJJejcPuyTaytq0xxlYbIoVDm2FODR+OHxyEiMR021vc32bTvamgBjCswsD54XIRwhg3yBaWqJjg==",
      "dependencies": {
        "bl": "^2.2.1",
        "bson": "^1.1.4",
        "denque": "^1.4.1",
        "require_optional": "^1.0.1",
        "safe-buffer": "^5.1.2"
      },
      "engines": {
        "node": ">=4"
      },
      "optionalDependencies": {
        "saslprep": "^1.0.0"
      }
    },
    "node_modules/mongoose/node_modules/mpath": {
      "version": "0.8.3",
      "resolved": "https://registry.npmjs.org/mpath/-/mpath-0.8.3.tgz",
      "integrity": "sha512-eb9rRvhDltXVNL6Fxd2zM9D4vKBxjVVQNLNijlj7uoXUy19zNDsIif5zR+pWmPCWNKwAtqyo4JveQm4nfD5+eA==",
      "engines": {
        "node": ">=4.0.0"
      }
    },
    "node_modules/mongoose/node_modules/ms": {
      "version": "2.1.2",
      "resolved": "https://registry.npmjs.org/ms/-/ms-2.1.2.tgz",
      "integrity": "sha512-sGkPx+VjMtmA6MX27oA4FBFELFCZZ4S4XqeGOXCv68tT+jb3vk/RyaKWP0PTKyWtmLSM0b+adUTEvbs1PEaH2w=="
    },
    "node_modules/mongoose/node_modules/safe-buffer": {
      "version": "5.2.1",
      "resolved": "https://registry.npmjs.org/safe-buffer/-/safe-buffer-5.2.1.tgz",
      "integrity": "sha512-rp3So07KcdmmKbGvgaNxQSJr7bGVSVk5S9Eq1F+ppbRo70+YeaDxkw5Dd8NPN+GD6bjnYm2VuPuCXmpuYvmCXQ=="
    },
    "node_modules/morgan": {
      "version": "1.9.1",
      "resolved": "https://registry.npmjs.org/morgan/-/morgan-1.9.1.tgz",
      "integrity": "sha512-HQStPIV4y3afTiCYVxirakhlCfGkI161c76kKFca7Fk1JusM//Qeo1ej2XaMniiNeaZklMVrh3vTtIzpzwbpmA==",
      "dependencies": {
        "basic-auth": "~2.0.0",
        "debug": "2.6.9",
        "depd": "~1.1.2",
        "on-finished": "~2.3.0",
        "on-headers": "~1.0.1"
      },
      "engines": {
        "node": ">= 0.8.0"
      }
    },
    "node_modules/mpath": {
      "version": "0.6.0",
      "resolved": "https://registry.npmjs.org/mpath/-/mpath-0.6.0.tgz",
      "integrity": "sha512-i75qh79MJ5Xo/sbhxrDrPSEG0H/mr1kcZXJ8dH6URU5jD/knFxCVqVC/gVSW7GIXL/9hHWlT9haLbCXWOll3qw==",
      "engines": {
        "node": ">=4.0.0"
      }
    },
    "node_modules/mquery": {
      "version": "3.2.4",
      "resolved": "https://registry.npmjs.org/mquery/-/mquery-3.2.4.tgz",
      "integrity": "sha512-uOLpp7iRX0BV1Uu6YpsqJ5b42LwYnmu0WeF/f8qgD/On3g0XDaQM6pfn0m6UxO6SM8DioZ9Bk6xxbWIGHm2zHg==",
      "dependencies": {
        "bluebird": "3.5.1",
        "debug": "3.1.0",
        "regexp-clone": "^1.0.0",
        "safe-buffer": "5.1.2",
        "sliced": "1.0.1"
      },
      "engines": {
        "node": ">=4.0.0"
      }
    },
    "node_modules/mquery/node_modules/debug": {
      "version": "3.1.0",
      "resolved": "https://registry.npmjs.org/debug/-/debug-3.1.0.tgz",
      "integrity": "sha512-OX8XqP7/1a9cqkxYw2yXss15f26NKWBpDXQd0/uK/KPqdQhxbPa994hnzjcE2VqQpDslf55723cKPUOGSmMY3g==",
      "dependencies": {
        "ms": "2.0.0"
      }
    },
    "node_modules/ms": {
      "version": "2.0.0",
      "resolved": "https://registry.npmjs.org/ms/-/ms-2.0.0.tgz",
      "integrity": "sha1-VgiurfwAvmwpAd9fmGF4jeDVl8g="
    },
    "node_modules/negotiator": {
      "version": "0.6.2",
      "resolved": "https://registry.npmjs.org/negotiator/-/negotiator-0.6.2.tgz",
      "integrity": "sha512-hZXc7K2e+PgeI1eDBe/10Ard4ekbfrrqG8Ep+8Jmf4JID2bNg7NvCPOZN+kfF574pFQI7mum2AUqDidoKqcTOw==",
      "engines": {
        "node": ">= 0.6"
      }
    },
    "node_modules/oauth": {
      "version": "0.9.15",
      "resolved": "https://registry.npmjs.org/oauth/-/oauth-0.9.15.tgz",
      "integrity": "sha1-vR/vr2hslrdUda7VGWQS/2DPucE="
    },
    "node_modules/on-finished": {
      "version": "2.3.0",
      "resolved": "https://registry.npmjs.org/on-finished/-/on-finished-2.3.0.tgz",
      "integrity": "sha1-IPEzZIGwg811M3mSoWlxqi2QaUc=",
      "dependencies": {
        "ee-first": "1.1.1"
      },
      "engines": {
        "node": ">= 0.8"
      }
    },
    "node_modules/on-headers": {
      "version": "1.0.2",
      "resolved": "https://registry.npmjs.org/on-headers/-/on-headers-1.0.2.tgz",
      "integrity": "sha512-pZAE+FJLoyITytdqK0U5s+FIpjN0JP3OzFi/u8Rx+EV5/W+JTWGXG8xFzevE7AjBfDqHv/8vL8qQsIhHnqRkrA==",
      "engines": {
        "node": ">= 0.8"
      }
    },
    "node_modules/parseurl": {
      "version": "1.3.3",
      "resolved": "https://registry.npmjs.org/parseurl/-/parseurl-1.3.3.tgz",
      "integrity": "sha512-CiyeOxFT/JZyN5m0z9PfXw4SCBJ6Sygz1Dpl0wqjlhDEGGBP1GnsUVEL0p63hoG1fcj3fHynXi9NYO4nWOL+qQ==",
      "engines": {
        "node": ">= 0.8"
      }
    },
    "node_modules/passport": {
      "version": "0.3.2",
      "resolved": "https://registry.npmjs.org/passport/-/passport-0.3.2.tgz",
      "integrity": "sha1-ndAJ+RXo/glbASSgG4+C2gdRAQI=",
      "dependencies": {
        "passport-strategy": "1.x.x",
        "pause": "0.0.1"
      },
      "engines": {
        "node": ">= 0.4.0"
      }
    },
    "node_modules/passport-facebook": {
      "version": "2.1.1",
      "resolved": "https://registry.npmjs.org/passport-facebook/-/passport-facebook-2.1.1.tgz",
      "integrity": "sha1-w50LUq5NWRYyRaTiGnubYyEwMxE=",
      "dependencies": {
        "passport-oauth2": "1.x.x"
      },
      "engines": {
        "node": ">= 0.4.0"
      }
    },
    "node_modules/passport-google-oauth": {
      "version": "1.0.0",
      "resolved": "https://registry.npmjs.org/passport-google-oauth/-/passport-google-oauth-1.0.0.tgz",
      "integrity": "sha1-ZfUGMxkq0GJ6GLCJYAdxCdhOt20=",
      "dependencies": {
        "passport-google-oauth1": "1.x.x",
        "passport-google-oauth20": "1.x.x"
      },
      "engines": {
        "node": ">= 0.4.0"
      }
    },
    "node_modules/passport-google-oauth1": {
      "version": "1.0.0",
      "resolved": "https://registry.npmjs.org/passport-google-oauth1/-/passport-google-oauth1-1.0.0.tgz",
      "integrity": "sha1-r3SoA99R7GRvZqRNgigr5vEI4Mw=",
      "dependencies": {
        "passport-oauth1": "1.x.x"
      }
    },
    "node_modules/passport-google-oauth20": {
      "version": "1.0.0",
      "resolved": "https://registry.npmjs.org/passport-google-oauth20/-/passport-google-oauth20-1.0.0.tgz",
      "integrity": "sha1-O5YOih1w0dvnlGFcgnxoxAOSpdA=",
      "dependencies": {
        "passport-oauth2": "1.x.x"
      },
      "engines": {
        "node": ">= 0.4.0"
      }
    },
    "node_modules/passport-local": {
      "version": "1.0.0",
      "resolved": "https://registry.npmjs.org/passport-local/-/passport-local-1.0.0.tgz",
      "integrity": "sha1-H+YyaMkudWBmJkN+O5BmYsFbpu4=",
      "dependencies": {
        "passport-strategy": "1.x.x"
      },
      "engines": {
        "node": ">= 0.4.0"
      }
    },
    "node_modules/passport-oauth1": {
      "version": "1.1.0",
      "resolved": "https://registry.npmjs.org/passport-oauth1/-/passport-oauth1-1.1.0.tgz",
      "integrity": "sha1-p96YiiEfnPRoc3cTDqdN8ycwyRg=",
      "dependencies": {
        "oauth": "0.9.x",
        "passport-strategy": "1.x.x",
        "utils-merge": "1.x.x"
      },
      "engines": {
        "node": ">= 0.4.0"
      }
    },
    "node_modules/passport-oauth2": {
      "version": "1.5.0",
      "resolved": "https://registry.npmjs.org/passport-oauth2/-/passport-oauth2-1.5.0.tgz",
      "integrity": "sha512-kqBt6vR/5VlCK8iCx1/KpY42kQ+NEHZwsSyt4Y6STiNjU+wWICG1i8ucc1FapXDGO15C5O5VZz7+7vRzrDPXXQ==",
      "dependencies": {
        "base64url": "3.x.x",
        "oauth": "0.9.x",
        "passport-strategy": "1.x.x",
        "uid2": "0.0.x",
        "utils-merge": "1.x.x"
      },
      "engines": {
        "node": ">= 0.4.0"
      }
    },
    "node_modules/passport-strategy": {
      "version": "1.0.0",
      "resolved": "https://registry.npmjs.org/passport-strategy/-/passport-strategy-1.0.0.tgz",
      "integrity": "sha1-tVOaqPwiWj0a0XlHbd8ja0QPUuQ=",
      "engines": {
        "node": ">= 0.4.0"
      }
    },
    "node_modules/passport-twitter": {
      "version": "1.0.4",
      "resolved": "https://registry.npmjs.org/passport-twitter/-/passport-twitter-1.0.4.tgz",
      "integrity": "sha1-AaeZ4fdgvy3knyul+6MigvGJMtc=",
      "dependencies": {
        "passport-oauth1": "1.x.x",
        "xtraverse": "0.1.x"
      },
      "engines": {
        "node": ">= 0.4.0"
      }
    },
    "node_modules/path-to-regexp": {
      "version": "0.1.7",
      "resolved": "https://registry.npmjs.org/path-to-regexp/-/path-to-regexp-0.1.7.tgz",
      "integrity": "sha1-32BBeABfUi8V60SQ5yR6G/qmf4w="
    },
    "node_modules/pause": {
      "version": "0.0.1",
      "resolved": "https://registry.npmjs.org/pause/-/pause-0.0.1.tgz",
      "integrity": "sha1-HUCLP9t2kjuVQ9lvtMnf1TXZy10="
    },
    "node_modules/process-nextick-args": {
      "version": "2.0.1",
      "resolved": "https://registry.npmjs.org/process-nextick-args/-/process-nextick-args-2.0.1.tgz",
      "integrity": "sha512-3ouUOpQhtgrbOa17J7+uxOTpITYWaGP7/AhoR3+A+/1e9skrzelGi/dXzEYyvbxubEF6Wn2ypscTKiKJFFn1ag=="
    },
    "node_modules/proxy-addr": {
      "version": "2.0.6",
      "resolved": "https://registry.npmjs.org/proxy-addr/-/proxy-addr-2.0.6.tgz",
      "integrity": "sha512-dh/frvCBVmSsDYzw6n926jv974gddhkFPfiN8hPOi30Wax25QZyZEGveluCgliBnqmuM+UJmBErbAUFIoDbjOw==",
      "dependencies": {
        "forwarded": "~0.1.2",
        "ipaddr.js": "1.9.1"
      },
      "engines": {
        "node": ">= 0.10"
      }
    },
    "node_modules/qs": {
      "version": "6.7.0",
      "resolved": "https://registry.npmjs.org/qs/-/qs-6.7.0.tgz",
      "integrity": "sha512-VCdBRNFTX1fyE7Nb6FYoURo/SPe62QCaAyzJvUjwRaIsc+NePBEniHlvxFmmX56+HZphIGtV0XeCirBtpDrTyQ==",
      "engines": {
        "node": ">=0.6"
      }
    },
    "node_modules/random-bytes": {
      "version": "1.0.0",
      "resolved": "https://registry.npmjs.org/random-bytes/-/random-bytes-1.0.0.tgz",
      "integrity": "sha1-T2ih3Arli9P7lYSMMDJNt11kNgs=",
      "engines": {
        "node": ">= 0.8"
      }
    },
    "node_modules/range-parser": {
      "version": "1.2.1",
      "resolved": "https://registry.npmjs.org/range-parser/-/range-parser-1.2.1.tgz",
      "integrity": "sha512-Hrgsx+orqoygnmhFbKaHE6c296J+HTAQXoxEF6gNupROmmGJRoyzfG3ccAveqCBrwr/2yxQ5BVd/GTl5agOwSg==",
      "engines": {
        "node": ">= 0.6"
      }
    },
    "node_modules/raw-body": {
      "version": "2.4.0",
      "resolved": "https://registry.npmjs.org/raw-body/-/raw-body-2.4.0.tgz",
      "integrity": "sha512-4Oz8DUIwdvoa5qMJelxipzi/iJIi40O5cGV1wNYp5hvZP8ZN0T+jiNkL0QepXs+EsQ9XJ8ipEDoiH70ySUJP3Q==",
      "dependencies": {
        "bytes": "3.1.0",
        "http-errors": "1.7.2",
        "iconv-lite": "0.4.24",
        "unpipe": "1.0.0"
      },
      "engines": {
        "node": ">= 0.8"
      }
    },
    "node_modules/readable-stream": {
      "version": "2.3.7",
      "resolved": "https://registry.npmjs.org/readable-stream/-/readable-stream-2.3.7.tgz",
      "integrity": "sha512-Ebho8K4jIbHAxnuxi7o42OrZgF/ZTNcsZj6nRKyUmkhLFq8CHItp/fy6hQZuZmP/n3yZ9VBUbp4zz/mX8hmYPw==",
      "dependencies": {
        "core-util-is": "~1.0.0",
        "inherits": "~2.0.3",
        "isarray": "~1.0.0",
        "process-nextick-args": "~2.0.0",
        "safe-buffer": "~5.1.1",
        "string_decoder": "~1.1.1",
        "util-deprecate": "~1.0.1"
      }
    },
    "node_modules/regexp-clone": {
      "version": "1.0.0",
      "resolved": "https://registry.npmjs.org/regexp-clone/-/regexp-clone-1.0.0.tgz",
      "integrity": "sha512-TuAasHQNamyyJ2hb97IuBEif4qBHGjPHBS64sZwytpLEqtBQ1gPJTnOaQ6qmpET16cK14kkjbazl6+p0RRv0yw=="
    },
    "node_modules/require_optional": {
      "version": "1.0.1",
      "resolved": "https://registry.npmjs.org/require_optional/-/require_optional-1.0.1.tgz",
      "integrity": "sha512-qhM/y57enGWHAe3v/NcwML6a3/vfESLe/sGM2dII+gEO0BpKRUkWZow/tyloNqJyN6kXSl3RyyM8Ll5D/sJP8g==",
      "dependencies": {
        "resolve-from": "^2.0.0",
        "semver": "^5.1.0"
      }
    },
    "node_modules/resolve-from": {
      "version": "2.0.0",
      "resolved": "https://registry.npmjs.org/resolve-from/-/resolve-from-2.0.0.tgz",
      "integrity": "sha1-lICrIOlP+h2egKgEx+oUdhGWa1c=",
      "engines": {
        "node": ">=0.10.0"
      }
    },
    "node_modules/safe-buffer": {
      "version": "5.1.2",
      "resolved": "https://registry.npmjs.org/safe-buffer/-/safe-buffer-5.1.2.tgz",
      "integrity": "sha512-Gd2UZBJDkXlY7GbJxfsE8/nvKkUEU1G38c1siN6QP6a9PT9MmHB8GnpscSmMJSoF8LOIrt8ud/wPtojys4G6+g=="
    },
    "node_modules/safer-buffer": {
      "version": "2.1.2",
      "resolved": "https://registry.npmjs.org/safer-buffer/-/safer-buffer-2.1.2.tgz",
      "integrity": "sha512-YZo3K82SD7Riyi0E1EQPojLz7kpepnSQI9IyPbHHg1XXXevb5dJI7tpyN2ADxGcQbHG7vcyRHk0cbwqcQriUtg=="
    },
    "node_modules/saslprep": {
      "version": "1.0.3",
      "resolved": "https://registry.npmjs.org/saslprep/-/saslprep-1.0.3.tgz",
      "integrity": "sha512-/MY/PEMbk2SuY5sScONwhUDsV2p77Znkb/q3nSVstq/yQzYJOH/Azh29p9oJLsl3LnQwSvZDKagDGBsBwSooag==",
      "optional": true,
      "dependencies": {
        "sparse-bitfield": "^3.0.3"
      },
      "engines": {
        "node": ">=6"
      }
    },
    "node_modules/semver": {
      "version": "5.7.1",
      "resolved": "https://registry.npmjs.org/semver/-/semver-5.7.1.tgz",
      "integrity": "sha512-sauaDf/PZdVgrLTNYHRtpXa1iRiKcaebiKQ1BJdpQlWH2lCvexQdX55snPFyK7QzpudqbCI0qXFfOasHdyNDGQ==",
      "bin": {
        "semver": "bin/semver"
      }
    },
    "node_modules/send": {
      "version": "0.17.1",
      "resolved": "https://registry.npmjs.org/send/-/send-0.17.1.tgz",
      "integrity": "sha512-BsVKsiGcQMFwT8UxypobUKyv7irCNRHk1T0G680vk88yf6LBByGcZJOTJCrTP2xVN6yI+XjPJcNuE3V4fT9sAg==",
      "dependencies": {
        "debug": "2.6.9",
        "depd": "~1.1.2",
        "destroy": "~1.0.4",
        "encodeurl": "~1.0.2",
        "escape-html": "~1.0.3",
        "etag": "~1.8.1",
        "fresh": "0.5.2",
        "http-errors": "~1.7.2",
        "mime": "1.6.0",
        "ms": "2.1.1",
        "on-finished": "~2.3.0",
        "range-parser": "~1.2.1",
        "statuses": "~1.5.0"
      },
      "engines": {
        "node": ">= 0.8.0"
      }
    },
    "node_modules/send/node_modules/ms": {
      "version": "2.1.1",
      "resolved": "https://registry.npmjs.org/ms/-/ms-2.1.1.tgz",
      "integrity": "sha512-tgp+dl5cGk28utYktBsrFqA7HKgrhgPsg6Z/EfhWI4gl1Hwq8B/GmY/0oXZ6nF8hDVesS/FpnYaD/kOWhYQvyg=="
    },
    "node_modules/serve-static": {
      "version": "1.14.1",
      "resolved": "https://registry.npmjs.org/serve-static/-/serve-static-1.14.1.tgz",
      "integrity": "sha512-JMrvUwE54emCYWlTI+hGrGv5I8dEwmco/00EvkzIIsR7MqrHonbD9pO2MOfFnpFntl7ecpZs+3mW+XbQZu9QCg==",
      "dependencies": {
        "encodeurl": "~1.0.2",
        "escape-html": "~1.0.3",
        "parseurl": "~1.3.3",
        "send": "0.17.1"
      },
      "engines": {
        "node": ">= 0.8.0"
      }
    },
    "node_modules/setprototypeof": {
      "version": "1.1.1",
      "resolved": "https://registry.npmjs.org/setprototypeof/-/setprototypeof-1.1.1.tgz",
      "integrity": "sha512-JvdAWfbXeIGaZ9cILp38HntZSFSo3mWg6xGcJJsd+d4aRMOqauag1C63dJfDw7OaMYwEbHMOxEZ1lqVRYP2OAw=="
    },
    "node_modules/sift": {
      "version": "7.0.1",
      "resolved": "https://registry.npmjs.org/sift/-/sift-7.0.1.tgz",
      "integrity": "sha512-oqD7PMJ+uO6jV9EQCl0LrRw1OwsiPsiFQR5AR30heR+4Dl7jBBbDLnNvWiak20tzZlSE1H7RB30SX/1j/YYT7g=="
    },
    "node_modules/sliced": {
      "version": "1.0.1",
      "resolved": "https://registry.npmjs.org/sliced/-/sliced-1.0.1.tgz",
      "integrity": "sha1-CzpmK10Ewxd7GSa+qCsD+Dei70E="
    },
    "node_modules/sparse-bitfield": {
      "version": "3.0.3",
      "resolved": "https://registry.npmjs.org/sparse-bitfield/-/sparse-bitfield-3.0.3.tgz",
      "integrity": "sha1-/0rm5oZWBWuks+eSqzM004JzyhE=",
      "optional": true,
      "dependencies": {
        "memory-pager": "^1.0.2"
      }
    },
    "node_modules/statuses": {
      "version": "1.5.0",
      "resolved": "https://registry.npmjs.org/statuses/-/statuses-1.5.0.tgz",
      "integrity": "sha1-Fhx9rBd2Wf2YEfQ3cfqZOBR4Yow=",
      "engines": {
        "node": ">= 0.6"
      }
    },
    "node_modules/string_decoder": {
      "version": "1.1.1",
      "resolved": "https://registry.npmjs.org/string_decoder/-/string_decoder-1.1.1.tgz",
      "integrity": "sha512-n/ShnvDi6FHbbVfviro+WojiFzv+s8MPMHBczVePfUpDJLwoLT0ht1l4YwBCbi8pJAveEEdnkHyPyTP/mzRfwg==",
      "dependencies": {
        "safe-buffer": "~5.1.0"
      }
    },
    "node_modules/toidentifier": {
      "version": "1.0.0",
      "resolved": "https://registry.npmjs.org/toidentifier/-/toidentifier-1.0.0.tgz",
      "integrity": "sha512-yaOH/Pk/VEhBWWTlhI+qXxDFXlejDGcQipMlyxda9nthulaxLZUNcUqFxokp0vcYnvteJln5FNQDRrxj3YcbVw==",
      "engines": {
        "node": ">=0.6"
      }
    },
    "node_modules/type-is": {
      "version": "1.6.18",
      "resolved": "https://registry.npmjs.org/type-is/-/type-is-1.6.18.tgz",
      "integrity": "sha512-TkRKr9sUTxEH8MdfuCSP7VizJyzRNMjj2J2do2Jr3Kym598JVdEksuzPQCnlFPW4ky9Q+iA+ma9BGm06XQBy8g==",
      "dependencies": {
        "media-typer": "0.3.0",
        "mime-types": "~2.1.24"
      },
      "engines": {
        "node": ">= 0.6"
      }
    },
    "node_modules/uid-safe": {
      "version": "2.1.5",
      "resolved": "https://registry.npmjs.org/uid-safe/-/uid-safe-2.1.5.tgz",
      "integrity": "sha512-KPHm4VL5dDXKz01UuEd88Df+KzynaohSL9fBh096KWAxSKZQDI2uBrVqtvRM4rwrIrRRKsdLNML/lnaaVSRioA==",
      "dependencies": {
        "random-bytes": "~1.0.0"
      },
      "engines": {
        "node": ">= 0.8"
      }
    },
    "node_modules/uid2": {
      "version": "0.0.3",
      "resolved": "https://registry.npmjs.org/uid2/-/uid2-0.0.3.tgz",
      "integrity": "sha1-SDEm4Rd03y9xuLY53NeZw3YWK4I="
    },
    "node_modules/unpipe": {
      "version": "1.0.0",
      "resolved": "https://registry.npmjs.org/unpipe/-/unpipe-1.0.0.tgz",
      "integrity": "sha1-sr9O6FFKrmFltIF4KdIbLvSZBOw=",
      "engines": {
        "node": ">= 0.8"
      }
    },
    "node_modules/util-deprecate": {
      "version": "1.0.2",
      "resolved": "https://registry.npmjs.org/util-deprecate/-/util-deprecate-1.0.2.tgz",
      "integrity": "sha1-RQ1Nyfpw3nMnYvvS1KKJgUGaDM8="
    },
    "node_modules/utils-merge": {
      "version": "1.0.1",
      "resolved": "https://registry.npmjs.org/utils-merge/-/utils-merge-1.0.1.tgz",
      "integrity": "sha1-n5VxD1CiZ5R7LMwSR0HBAoQn5xM=",
      "engines": {
        "node": ">= 0.4.0"
      }
    },
    "node_modules/vary": {
      "version": "1.1.2",
      "resolved": "https://registry.npmjs.org/vary/-/vary-1.1.2.tgz",
      "integrity": "sha1-IpnwLG3tMNSllhsLn3RSShj2NPw=",
      "engines": {
        "node": ">= 0.8"
      }
    },
    "node_modules/xmldom": {
      "version": "0.1.31",
      "resolved": "https://registry.npmjs.org/xmldom/-/xmldom-0.1.31.tgz",
      "integrity": "sha512-yS2uJflVQs6n+CyjHoaBmVSqIDevTAWrzMmjG1Gc7h1qQ7uVozNhEPJAwZXWyGQ/Gafo3fCwrcaokezLPupVyQ==",
      "engines": {
        "node": ">=0.1"
      }
    },
    "node_modules/xtraverse": {
      "version": "0.1.0",
      "resolved": "https://registry.npmjs.org/xtraverse/-/xtraverse-0.1.0.tgz",
      "integrity": "sha1-t0G60BjveNip0ug63gB7P3lZxzI=",
      "dependencies": {
        "xmldom": "0.1.x"
      },
      "engines": {
        "node": ">= 0.4.0"
      }
    }
  },
  "dependencies": {
    "@types/bson": {
      "version": "4.0.3",
      "resolved": "https://registry.npmjs.org/@types/bson/-/bson-4.0.3.tgz",
      "integrity": "sha512-mVRvYnTOZJz3ccpxhr3wgxVmSeiYinW+zlzQz3SXWaJmD1DuL05Jeq7nKw3SnbKmbleW5qrLG5vdyWe/A9sXhw==",
      "requires": {
        "@types/node": "*"
      }
    },
    "@types/mongodb": {
      "version": "3.6.10",
      "resolved": "https://registry.npmjs.org/@types/mongodb/-/mongodb-3.6.10.tgz",
      "integrity": "sha512-BkwAHFiZSSWdTIqbUVGmgvIsiXXjqAketeK7Izy7oSs6G3N8Bn993tK9eq6QEovQDx6OQ2FGP2KWDDxBzdlJ6Q==",
      "requires": {
        "@types/bson": "*",
        "@types/node": "*"
      }
    },
    "@types/node": {
      "version": "14.14.35",
      "resolved": "https://registry.npmjs.org/@types/node/-/node-14.14.35.tgz",
      "integrity": "sha512-Lt+wj8NVPx0zUmUwumiVXapmaLUcAk3yPuHCFVXras9k5VT9TdhJqKqGVUQCD60OTMCl0qxJ57OiTL0Mic3Iag=="
    },
    "accepts": {
      "version": "1.3.7",
      "resolved": "https://registry.npmjs.org/accepts/-/accepts-1.3.7.tgz",
      "integrity": "sha512-Il80Qs2WjYlJIBNzNkK6KYqlVMTbZLXgHx2oT0pU/fjRHyEp+PEfEPY0R3WCwAGVOtauxh1hOxNgIf5bv7dQpA==",
      "requires": {
        "mime-types": "~2.1.24",
        "negotiator": "0.6.2"
      }
    },
    "array-flatten": {
      "version": "1.1.1",
      "resolved": "https://registry.npmjs.org/array-flatten/-/array-flatten-1.1.1.tgz",
      "integrity": "sha1-ml9pkFGx5wczKPKgCJaLZOopVdI="
    },
    "base64url": {
      "version": "3.0.1",
      "resolved": "https://registry.npmjs.org/base64url/-/base64url-3.0.1.tgz",
      "integrity": "sha512-ir1UPr3dkwexU7FdV8qBBbNDRUhMmIekYMFZfi+C/sLNnRESKPl23nB9b2pltqfOQNnGzsDdId90AEtG5tCx4A=="
    },
    "basic-auth": {
      "version": "2.0.1",
      "resolved": "https://registry.npmjs.org/basic-auth/-/basic-auth-2.0.1.tgz",
      "integrity": "sha512-NF+epuEdnUYVlGuhaxbbq+dvJttwLnGY+YixlXlME5KpQ5W3CnXA5cVTneY3SPbPDRkcjMbifrwmFYcClgOZeg==",
      "requires": {
        "safe-buffer": "5.1.2"
      }
    },
    "bcrypt-nodejs": {
      "version": "0.0.3",
      "resolved": "https://registry.npmjs.org/bcrypt-nodejs/-/bcrypt-nodejs-0.0.3.tgz",
      "integrity": "sha1-xgkX8m3CNWYVZsaBBhwwPCsohCs="
    },
    "bl": {
      "version": "2.2.1",
      "resolved": "https://registry.npmjs.org/bl/-/bl-2.2.1.tgz",
      "integrity": "sha512-6Pesp1w0DEX1N550i/uGV/TqucVL4AM/pgThFSN/Qq9si1/DF9aIHs1BxD8V/QU0HoeHO6cQRTAuYnLPKq1e4g==",
      "requires": {
        "readable-stream": "^2.3.5",
        "safe-buffer": "^5.1.1"
      }
    },
    "bluebird": {
      "version": "3.5.1",
      "resolved": "https://registry.npmjs.org/bluebird/-/bluebird-3.5.1.tgz",
      "integrity": "sha512-MKiLiV+I1AA596t9w1sQJ8jkiSr5+ZKi0WKrYGUn6d1Fx+Ij4tIj+m2WMQSGczs5jZVxV339chE8iwk6F64wjA=="
    },
    "body-parser": {
      "version": "1.19.0",
      "resolved": "https://registry.npmjs.org/body-parser/-/body-parser-1.19.0.tgz",
      "integrity": "sha512-dhEPs72UPbDnAQJ9ZKMNTP6ptJaionhP5cBb541nXPlW60Jepo9RV/a4fX4XWW9CuFNK22krhrj1+rgzifNCsw==",
      "requires": {
        "bytes": "3.1.0",
        "content-type": "~1.0.4",
        "debug": "2.6.9",
        "depd": "~1.1.2",
        "http-errors": "1.7.2",
        "iconv-lite": "0.4.24",
        "on-finished": "~2.3.0",
        "qs": "6.7.0",
        "raw-body": "2.4.0",
        "type-is": "~1.6.17"
      }
    },
    "bson": {
      "version": "1.1.3",
      "resolved": "https://registry.npmjs.org/bson/-/bson-1.1.3.tgz",
      "integrity": "sha512-TdiJxMVnodVS7r0BdL42y/pqC9cL2iKynVwA0Ho3qbsQYr428veL3l7BQyuqiw+Q5SqqoT0m4srSY/BlZ9AxXg=="
    },
    "bytes": {
      "version": "3.1.0",
      "resolved": "https://registry.npmjs.org/bytes/-/bytes-3.1.0.tgz",
      "integrity": "sha512-zauLjrfCG+xvoyaqLoV8bLVXXNGC4JqlxFCutSDWA6fJrTo2ZuvLYTqZ7aHBLZSMOopbzwv8f+wZcVzfVTI2Dg=="
    },
    "connect-flash": {
      "version": "0.1.1",
      "resolved": "https://registry.npmjs.org/connect-flash/-/connect-flash-0.1.1.tgz",
      "integrity": "sha1-2GMPJtlaf4UfmVax6MxnMvO2qjA="
    },
    "content-disposition": {
      "version": "0.5.3",
      "resolved": "https://registry.npmjs.org/content-disposition/-/content-disposition-0.5.3.tgz",
      "integrity": "sha512-ExO0774ikEObIAEV9kDo50o+79VCUdEB6n6lzKgGwupcVeRlhrj3qGAfwq8G6uBJjkqLrhT0qEYFcWng8z1z0g==",
      "requires": {
        "safe-buffer": "5.1.2"
      }
    },
    "content-type": {
      "version": "1.0.4",
      "resolved": "https://registry.npmjs.org/content-type/-/content-type-1.0.4.tgz",
      "integrity": "sha512-hIP3EEPs8tB9AT1L+NUqtwOAps4mk2Zob89MWXMHjHWg9milF/j4osnnQLXBCBFBk/tvIG/tUc9mOUJiPBhPXA=="
    },
    "cookie": {
      "version": "0.4.0",
      "resolved": "https://registry.npmjs.org/cookie/-/cookie-0.4.0.tgz",
      "integrity": "sha512-+Hp8fLp57wnUSt0tY0tHEXh4voZRDnoIrZPqlo3DPiI4y9lwg/jqx+1Om94/W6ZaPDOUbnjOt/99w66zk+l1Xg=="
    },
    "cookie-parser": {
      "version": "1.4.5",
      "resolved": "https://registry.npmjs.org/cookie-parser/-/cookie-parser-1.4.5.tgz",
      "integrity": "sha512-f13bPUj/gG/5mDr+xLmSxxDsB9DQiTIfhJS/sqjrmfAWiAN+x2O4i/XguTL9yDZ+/IFDanJ+5x7hC4CXT9Tdzw==",
      "requires": {
        "cookie": "0.4.0",
        "cookie-signature": "1.0.6"
      }
    },
    "cookie-signature": {
      "version": "1.0.6",
      "resolved": "https://registry.npmjs.org/cookie-signature/-/cookie-signature-1.0.6.tgz",
      "integrity": "sha1-4wOogrNCzD7oylE6eZmXNNqzriw="
    },
    "core-util-is": {
      "version": "1.0.2",
      "resolved": "https://registry.npmjs.org/core-util-is/-/core-util-is-1.0.2.tgz",
      "integrity": "sha1-tf1UIgqivFq1eqtxQMlAdUUDwac="
    },
    "debug": {
      "version": "2.6.9",
      "resolved": "https://registry.npmjs.org/debug/-/debug-2.6.9.tgz",
      "integrity": "sha512-bC7ElrdJaJnPbAP+1EotYvqZsb3ecl5wi6Bfi6BJTUcNowp6cvspg0jXznRTKDjm/E7AdgFBVeAPVMNcKGsHMA==",
      "requires": {
        "ms": "2.0.0"
      }
    },
    "denque": {
      "version": "1.4.1",
      "resolved": "https://registry.npmjs.org/denque/-/denque-1.4.1.tgz",
      "integrity": "sha512-OfzPuSZKGcgr96rf1oODnfjqBFmr1DVoc/TrItj3Ohe0Ah1C5WX5Baquw/9U9KovnQ88EqmJbD66rKYUQYN1tQ=="
    },
    "depd": {
      "version": "1.1.2",
      "resolved": "https://registry.npmjs.org/depd/-/depd-1.1.2.tgz",
      "integrity": "sha1-m81S4UwJd2PnSbJ0xDRu0uVgtak="
    },
    "destroy": {
      "version": "1.0.4",
      "resolved": "https://registry.npmjs.org/destroy/-/destroy-1.0.4.tgz",
      "integrity": "sha1-l4hXRCxEdJ5CBmE+N5RiBYJqvYA="
    },
    "ee-first": {
      "version": "1.1.1",
      "resolved": "https://registry.npmjs.org/ee-first/-/ee-first-1.1.1.tgz",
      "integrity": "sha1-WQxhFWsK4vTwJVcyoViyZrxWsh0="
    },
    "ejs": {
      "version": "2.5.9",
      "resolved": "https://registry.npmjs.org/ejs/-/ejs-2.5.9.tgz",
      "integrity": "sha512-GJCAeDBKfREgkBtgrYSf9hQy9kTb3helv0zGdzqhM7iAkW8FA/ZF97VQDbwFiwIT8MQLLOe5VlPZOEvZAqtUAQ=="
    },
    "encodeurl": {
      "version": "1.0.2",
      "resolved": "https://registry.npmjs.org/encodeurl/-/encodeurl-1.0.2.tgz",
      "integrity": "sha1-rT/0yG7C0CkyL1oCw6mmBslbP1k="
    },
    "escape-html": {
      "version": "1.0.3",
      "resolved": "https://registry.npmjs.org/escape-html/-/escape-html-1.0.3.tgz",
      "integrity": "sha1-Aljq5NPQwJdN4cFpGI7wBR0dGYg="
    },
    "etag": {
      "version": "1.8.1",
      "resolved": "https://registry.npmjs.org/etag/-/etag-1.8.1.tgz",
      "integrity": "sha1-Qa4u62XvpiJorr/qg6x9eSmbCIc="
    },
    "express": {
      "version": "4.17.1",
      "resolved": "https://registry.npmjs.org/express/-/express-4.17.1.tgz",
      "integrity": "sha512-mHJ9O79RqluphRrcw2X/GTh3k9tVv8YcoyY4Kkh4WDMUYKRZUq0h1o0w2rrrxBqM7VoeUVqgb27xlEMXTnYt4g==",
      "requires": {
        "accepts": "~1.3.7",
        "array-flatten": "1.1.1",
        "body-parser": "1.19.0",
        "content-disposition": "0.5.3",
        "content-type": "~1.0.4",
        "cookie": "0.4.0",
        "cookie-signature": "1.0.6",
        "debug": "2.6.9",
        "depd": "~1.1.2",
        "encodeurl": "~1.0.2",
        "escape-html": "~1.0.3",
        "etag": "~1.8.1",
        "finalhandler": "~1.1.2",
        "fresh": "0.5.2",
        "merge-descriptors": "1.0.1",
        "methods": "~1.1.2",
        "on-finished": "~2.3.0",
        "parseurl": "~1.3.3",
        "path-to-regexp": "0.1.7",
        "proxy-addr": "~2.0.5",
        "qs": "6.7.0",
        "range-parser": "~1.2.1",
        "safe-buffer": "5.1.2",
        "send": "0.17.1",
        "serve-static": "1.14.1",
        "setprototypeof": "1.1.1",
        "statuses": "~1.5.0",
        "type-is": "~1.6.18",
        "utils-merge": "1.0.1",
        "vary": "~1.1.2"
      }
    },
    "express-session": {
      "version": "1.17.0",
      "resolved": "https://registry.npmjs.org/express-session/-/express-session-1.17.0.tgz",
      "integrity": "sha512-t4oX2z7uoSqATbMfsxWMbNjAL0T5zpvcJCk3Z9wnPPN7ibddhnmDZXHfEcoBMG2ojKXZoCyPMc5FbtK+G7SoDg==",
      "requires": {
        "cookie": "0.4.0",
        "cookie-signature": "1.0.6",
        "debug": "2.6.9",
        "depd": "~2.0.0",
        "on-headers": "~1.0.2",
        "parseurl": "~1.3.3",
        "safe-buffer": "5.2.0",
        "uid-safe": "~2.1.5"
      },
      "dependencies": {
        "depd": {
          "version": "2.0.0",
          "resolved": "https://registry.npmjs.org/depd/-/depd-2.0.0.tgz",
          "integrity": "sha512-g7nH6P6dyDioJogAAGprGpCtVImJhpPk/roCzdb3fIh61/s/nPsfR6onyMwkCAR/OlC3yBC0lESvUoQEAssIrw=="
        },
        "safe-buffer": {
          "version": "5.2.0",
          "resolved": "https://registry.npmjs.org/safe-buffer/-/safe-buffer-5.2.0.tgz",
          "integrity": "sha512-fZEwUGbVl7kouZs1jCdMLdt95hdIv0ZeHg6L7qPeciMZhZ+/gdesW4wgTARkrFWEpspjEATAzUGPG8N2jJiwbg=="
        }
      }
    },
    "finalhandler": {
      "version": "1.1.2",
      "resolved": "https://registry.npmjs.org/finalhandler/-/finalhandler-1.1.2.tgz",
      "integrity": "sha512-aAWcW57uxVNrQZqFXjITpW3sIUQmHGG3qSb9mUah9MgMC4NeWhNOlNjXEYq3HjRAvL6arUviZGGJsBg6z0zsWA==",
      "requires": {
        "debug": "2.6.9",
        "encodeurl": "~1.0.2",
        "escape-html": "~1.0.3",
        "on-finished": "~2.3.0",
        "parseurl": "~1.3.3",
        "statuses": "~1.5.0",
        "unpipe": "~1.0.0"
      }
    },
    "forwarded": {
      "version": "0.1.2",
      "resolved": "https://registry.npmjs.org/forwarded/-/forwarded-0.1.2.tgz",
      "integrity": "sha1-mMI9qxF1ZXuMBXPozszZGw/xjIQ="
    },
    "fresh": {
      "version": "0.5.2",
      "resolved": "https://registry.npmjs.org/fresh/-/fresh-0.5.2.tgz",
      "integrity": "sha1-PYyt2Q2XZWn6g1qx+OSyOhBWBac="
    },
    "http-errors": {
      "version": "1.7.2",
      "resolved": "https://registry.npmjs.org/http-errors/-/http-errors-1.7.2.tgz",
      "integrity": "sha512-uUQBt3H/cSIVfch6i1EuPNy/YsRSOUBXTVfZ+yR7Zjez3qjBz6i9+i4zjNaoqcoFVI4lQJ5plg63TvGfRSDCRg==",
      "requires": {
        "depd": "~1.1.2",
        "inherits": "2.0.3",
        "setprototypeof": "1.1.1",
        "statuses": ">= 1.5.0 < 2",
        "toidentifier": "1.0.0"
      }
    },
    "iconv-lite": {
      "version": "0.4.24",
      "resolved": "https://registry.npmjs.org/iconv-lite/-/iconv-lite-0.4.24.tgz",
      "integrity": "sha512-v3MXnZAcvnywkTUEZomIActle7RXXeedOR31wwl7VlyoXO4Qi9arvSenNQWne1TcRwhCL1HwLI21bEqdpj8/rA==",
      "requires": {
        "safer-buffer": ">= 2.1.2 < 3"
      }
    },
    "inherits": {
      "version": "2.0.3",
      "resolved": "https://registry.npmjs.org/inherits/-/inherits-2.0.3.tgz",
      "integrity": "sha1-Yzwsg+PaQqUC9SRmAiSA9CCCYd4="
    },
    "ipaddr.js": {
      "version": "1.9.1",
      "resolved": "https://registry.npmjs.org/ipaddr.js/-/ipaddr.js-1.9.1.tgz",
      "integrity": "sha512-0KI/607xoxSToH7GjN1FfSbLoU0+btTicjsQSWQlh/hZykN8KpmMf7uYwPW3R+akZ6R/w18ZlXSHBYXiYUPO3g=="
    },
    "isarray": {
      "version": "1.0.0",
      "resolved": "https://registry.npmjs.org/isarray/-/isarray-1.0.0.tgz",
      "integrity": "sha1-u5NdSFgsuhaMBoNJV6VKPgcSTxE="
    },
    "kareem": {
      "version": "2.3.2",
      "resolved": "https://registry.npmjs.org/kareem/-/kareem-2.3.2.tgz",
      "integrity": "sha512-STHz9P7X2L4Kwn72fA4rGyqyXdmrMSdxqHx9IXon/FXluXieaFA6KJ2upcHAHxQPQ0LeM/OjLrhFxifHewOALQ=="
    },
    "lodash": {
      "version": "4.17.20",
      "resolved": "https://registry.npmjs.org/lodash/-/lodash-4.17.20.tgz",
      "integrity": "sha512-PlhdFcillOINfeV7Ni6oF1TAEayyZBoZ8bcshTHqOYJYlrqzRK5hagpagky5o4HfCzzd1TRkXPMFq6cKk9rGmA=="
    },
    "media-typer": {
      "version": "0.3.0",
      "resolved": "https://registry.npmjs.org/media-typer/-/media-typer-0.3.0.tgz",
      "integrity": "sha1-hxDXrwqmJvj/+hzgAWhUUmMlV0g="
    },
    "memory-pager": {
      "version": "1.5.0",
      "resolved": "https://registry.npmjs.org/memory-pager/-/memory-pager-1.5.0.tgz",
      "integrity": "sha512-ZS4Bp4r/Zoeq6+NLJpP+0Zzm0pR8whtGPf1XExKLJBAczGMnSi3It14OiNCStjQjM6NU1okjQGSxgEZN8eBYKg==",
      "optional": true
    },
    "merge-descriptors": {
      "version": "1.0.1",
      "resolved": "https://registry.npmjs.org/merge-descriptors/-/merge-descriptors-1.0.1.tgz",
      "integrity": "sha1-sAqqVW3YtEVoFQ7J0blT8/kMu2E="
    },
    "method-override": {
      "version": "2.3.10",
      "resolved": "https://registry.npmjs.org/method-override/-/method-override-2.3.10.tgz",
      "integrity": "sha1-49r41d7hDdLc59SuiNYrvud0drQ=",
      "requires": {
        "debug": "2.6.9",
        "methods": "~1.1.2",
        "parseurl": "~1.3.2",
        "vary": "~1.1.2"
      }
    },
    "methods": {
      "version": "1.1.2",
      "resolved": "https://registry.npmjs.org/methods/-/methods-1.1.2.tgz",
      "integrity": "sha1-VSmk1nZUE07cxSZmVoNbD4Ua/O4="
    },
    "mime": {
      "version": "1.6.0",
      "resolved": "https://registry.npmjs.org/mime/-/mime-1.6.0.tgz",
      "integrity": "sha512-x0Vn8spI+wuJ1O6S7gnbaQg8Pxh4NNHb7KSINmEWKiPE4RKOplvijn+NkmYmmRgP68mc70j2EbeTFRsrswaQeg=="
    },
    "mime-db": {
      "version": "1.43.0",
      "resolved": "https://registry.npmjs.org/mime-db/-/mime-db-1.43.0.tgz",
      "integrity": "sha512-+5dsGEEovYbT8UY9yD7eE4XTc4UwJ1jBYlgaQQF38ENsKR3wj/8q8RFZrF9WIZpB2V1ArTVFUva8sAul1NzRzQ=="
    },
    "mime-types": {
      "version": "2.1.26",
      "resolved": "https://registry.npmjs.org/mime-types/-/mime-types-2.1.26.tgz",
      "integrity": "sha512-01paPWYgLrkqAyrlDorC1uDwl2p3qZT7yl806vW7DvDoxwXi46jsjFbg+WdwotBIk6/MbEhO/dh5aZ5sNj/dWQ==",
      "requires": {
        "mime-db": "1.43.0"
      }
    },
    "mongodb": {
      "version": "3.5.5",
      "resolved": "https://registry.npmjs.org/mongodb/-/mongodb-3.5.5.tgz",
      "integrity": "sha512-GCjDxR3UOltDq00Zcpzql6dQo1sVry60OXJY3TDmFc2SWFY6c8Gn1Ardidc5jDirvJrx2GC3knGOImKphbSL3A==",
      "requires": {
        "bl": "^2.2.0",
        "bson": "^1.1.1",
        "denque": "^1.4.1",
        "require_optional": "^1.0.1",
        "safe-buffer": "^5.1.2",
        "saslprep": "^1.0.0"
      }
    },
    "mongoose": {
      "version": "5.12.1",
      "resolved": "https://registry.npmjs.org/mongoose/-/mongoose-5.12.1.tgz",
      "integrity": "sha512-g/oIEvQQrK1XcICS/PfzU1Gu1s6Uw1rgJP7/SfC3Ru6pTLa1dH2Lb+iJipNWqChbrykE78j/wwBVSsbyCZRl5Q==",
      "requires": {
        "@types/mongodb": "^3.5.27",
        "bson": "^1.1.4",
        "kareem": "2.3.2",
        "mongodb": "3.6.5",
        "mongoose-legacy-pluralize": "1.0.2",
        "mpath": "0.8.3",
        "mquery": "3.2.4",
        "ms": "2.1.2",
        "regexp-clone": "1.0.0",
        "safe-buffer": "5.2.1",
        "sift": "7.0.1",
        "sliced": "1.0.1"
      },
      "dependencies": {
        "bson": {
          "version": "1.1.6",
          "resolved": "https://registry.npmjs.org/bson/-/bson-1.1.6.tgz",
          "integrity": "sha512-EvVNVeGo4tHxwi8L6bPj3y3itEvStdwvvlojVxxbyYfoaxJ6keLgrTuKdyfEAszFK+H3olzBuafE0yoh0D1gdg=="
        },
        "mongodb": {
          "version": "3.6.5",
          "resolved": "https://registry.npmjs.org/mongodb/-/mongodb-3.6.5.tgz",
          "integrity": "sha512-mQlYKw1iGbvJJejcPuyTaytq0xxlYbIoVDm2FODR+OHxyEiMR021vc32bTvamgBjCswsD54XIRwhg3yBaWqJjg==",
          "requires": {
            "bl": "^2.2.1",
            "bson": "^1.1.4",
            "denque": "^1.4.1",
            "require_optional": "^1.0.1",
            "safe-buffer": "^5.1.2",
            "saslprep": "^1.0.0"
          }
        },
        "mpath": {
          "version": "0.8.3",
          "resolved": "https://registry.npmjs.org/mpath/-/mpath-0.8.3.tgz",
          "integrity": "sha512-eb9rRvhDltXVNL6Fxd2zM9D4vKBxjVVQNLNijlj7uoXUy19zNDsIif5zR+pWmPCWNKwAtqyo4JveQm4nfD5+eA=="
        },
        "ms": {
          "version": "2.1.2",
          "resolved": "https://registry.npmjs.org/ms/-/ms-2.1.2.tgz",
          "integrity": "sha512-sGkPx+VjMtmA6MX27oA4FBFELFCZZ4S4XqeGOXCv68tT+jb3vk/RyaKWP0PTKyWtmLSM0b+adUTEvbs1PEaH2w=="
        },
        "safe-buffer": {
          "version": "5.2.1",
          "resolved": "https://registry.npmjs.org/safe-buffer/-/safe-buffer-5.2.1.tgz",
          "integrity": "sha512-rp3So07KcdmmKbGvgaNxQSJr7bGVSVk5S9Eq1F+ppbRo70+YeaDxkw5Dd8NPN+GD6bjnYm2VuPuCXmpuYvmCXQ=="
        }
      }
    },
    "mongoose-legacy-pluralize": {
      "version": "1.0.2",
      "resolved": "https://registry.npmjs.org/mongoose-legacy-pluralize/-/mongoose-legacy-pluralize-1.0.2.tgz",
      "integrity": "sha512-Yo/7qQU4/EyIS8YDFSeenIvXxZN+ld7YdV9LqFVQJzTLye8unujAWPZ4NWKfFA+RNjh+wvTWKY9Z3E5XM6ZZiQ=="
    },
    "morgan": {
      "version": "1.9.1",
      "resolved": "https://registry.npmjs.org/morgan/-/morgan-1.9.1.tgz",
      "integrity": "sha512-HQStPIV4y3afTiCYVxirakhlCfGkI161c76kKFca7Fk1JusM//Qeo1ej2XaMniiNeaZklMVrh3vTtIzpzwbpmA==",
      "requires": {
        "basic-auth": "~2.0.0",
        "debug": "2.6.9",
        "depd": "~1.1.2",
        "on-finished": "~2.3.0",
        "on-headers": "~1.0.1"
      }
    },
    "mpath": {
      "version": "0.6.0",
      "resolved": "https://registry.npmjs.org/mpath/-/mpath-0.6.0.tgz",
      "integrity": "sha512-i75qh79MJ5Xo/sbhxrDrPSEG0H/mr1kcZXJ8dH6URU5jD/knFxCVqVC/gVSW7GIXL/9hHWlT9haLbCXWOll3qw=="
    },
    "mquery": {
      "version": "3.2.4",
      "resolved": "https://registry.npmjs.org/mquery/-/mquery-3.2.4.tgz",
      "integrity": "sha512-uOLpp7iRX0BV1Uu6YpsqJ5b42LwYnmu0WeF/f8qgD/On3g0XDaQM6pfn0m6UxO6SM8DioZ9Bk6xxbWIGHm2zHg==",
      "requires": {
        "bluebird": "3.5.1",
        "debug": "3.1.0",
        "regexp-clone": "^1.0.0",
        "safe-buffer": "5.1.2",
        "sliced": "1.0.1"
      },
      "dependencies": {
        "debug": {
          "version": "3.1.0",
          "resolved": "https://registry.npmjs.org/debug/-/debug-3.1.0.tgz",
          "integrity": "sha512-OX8XqP7/1a9cqkxYw2yXss15f26NKWBpDXQd0/uK/KPqdQhxbPa994hnzjcE2VqQpDslf55723cKPUOGSmMY3g==",
          "requires": {
            "ms": "2.0.0"
          }
        }
      }
    },
    "ms": {
      "version": "2.0.0",
      "resolved": "https://registry.npmjs.org/ms/-/ms-2.0.0.tgz",
      "integrity": "sha1-VgiurfwAvmwpAd9fmGF4jeDVl8g="
    },
    "negotiator": {
      "version": "0.6.2",
      "resolved": "https://registry.npmjs.org/negotiator/-/negotiator-0.6.2.tgz",
      "integrity": "sha512-hZXc7K2e+PgeI1eDBe/10Ard4ekbfrrqG8Ep+8Jmf4JID2bNg7NvCPOZN+kfF574pFQI7mum2AUqDidoKqcTOw=="
    },
    "oauth": {
      "version": "0.9.15",
      "resolved": "https://registry.npmjs.org/oauth/-/oauth-0.9.15.tgz",
      "integrity": "sha1-vR/vr2hslrdUda7VGWQS/2DPucE="
    },
    "on-finished": {
      "version": "2.3.0",
      "resolved": "https://registry.npmjs.org/on-finished/-/on-finished-2.3.0.tgz",
      "integrity": "sha1-IPEzZIGwg811M3mSoWlxqi2QaUc=",
      "requires": {
        "ee-first": "1.1.1"
      }
    },
    "on-headers": {
      "version": "1.0.2",
      "resolved": "https://registry.npmjs.org/on-headers/-/on-headers-1.0.2.tgz",
      "integrity": "sha512-pZAE+FJLoyITytdqK0U5s+FIpjN0JP3OzFi/u8Rx+EV5/W+JTWGXG8xFzevE7AjBfDqHv/8vL8qQsIhHnqRkrA=="
    },
    "parseurl": {
      "version": "1.3.3",
      "resolved": "https://registry.npmjs.org/parseurl/-/parseurl-1.3.3.tgz",
      "integrity": "sha512-CiyeOxFT/JZyN5m0z9PfXw4SCBJ6Sygz1Dpl0wqjlhDEGGBP1GnsUVEL0p63hoG1fcj3fHynXi9NYO4nWOL+qQ=="
    },
    "passport": {
      "version": "0.3.2",
      "resolved": "https://registry.npmjs.org/passport/-/passport-0.3.2.tgz",
      "integrity": "sha1-ndAJ+RXo/glbASSgG4+C2gdRAQI=",
      "requires": {
        "passport-strategy": "1.x.x",
        "pause": "0.0.1"
      }
    },
    "passport-facebook": {
      "version": "2.1.1",
      "resolved": "https://registry.npmjs.org/passport-facebook/-/passport-facebook-2.1.1.tgz",
      "integrity": "sha1-w50LUq5NWRYyRaTiGnubYyEwMxE=",
      "requires": {
        "passport-oauth2": "1.x.x"
      }
    },
    "passport-google-oauth": {
      "version": "1.0.0",
      "resolved": "https://registry.npmjs.org/passport-google-oauth/-/passport-google-oauth-1.0.0.tgz",
      "integrity": "sha1-ZfUGMxkq0GJ6GLCJYAdxCdhOt20=",
      "requires": {
        "passport-google-oauth1": "1.x.x",
        "passport-google-oauth20": "1.x.x"
      }
    },
    "passport-google-oauth1": {
      "version": "1.0.0",
      "resolved": "https://registry.npmjs.org/passport-google-oauth1/-/passport-google-oauth1-1.0.0.tgz",
      "integrity": "sha1-r3SoA99R7GRvZqRNgigr5vEI4Mw=",
      "requires": {
        "passport-oauth1": "1.x.x"
      }
    },
    "passport-google-oauth20": {
      "version": "1.0.0",
      "resolved": "https://registry.npmjs.org/passport-google-oauth20/-/passport-google-oauth20-1.0.0.tgz",
      "integrity": "sha1-O5YOih1w0dvnlGFcgnxoxAOSpdA=",
      "requires": {
        "passport-oauth2": "1.x.x"
      }
    },
    "passport-local": {
      "version": "1.0.0",
      "resolved": "https://registry.npmjs.org/passport-local/-/passport-local-1.0.0.tgz",
      "integrity": "sha1-H+YyaMkudWBmJkN+O5BmYsFbpu4=",
      "requires": {
        "passport-strategy": "1.x.x"
      }
    },
    "passport-oauth1": {
      "version": "1.1.0",
      "resolved": "https://registry.npmjs.org/passport-oauth1/-/passport-oauth1-1.1.0.tgz",
      "integrity": "sha1-p96YiiEfnPRoc3cTDqdN8ycwyRg=",
      "requires": {
        "oauth": "0.9.x",
        "passport-strategy": "1.x.x",
        "utils-merge": "1.x.x"
      }
    },
    "passport-oauth2": {
      "version": "1.5.0",
      "resolved": "https://registry.npmjs.org/passport-oauth2/-/passport-oauth2-1.5.0.tgz",
      "integrity": "sha512-kqBt6vR/5VlCK8iCx1/KpY42kQ+NEHZwsSyt4Y6STiNjU+wWICG1i8ucc1FapXDGO15C5O5VZz7+7vRzrDPXXQ==",
      "requires": {
        "base64url": "3.x.x",
        "oauth": "0.9.x",
        "passport-strategy": "1.x.x",
        "uid2": "0.0.x",
        "utils-merge": "1.x.x"
      }
    },
    "passport-strategy": {
      "version": "1.0.0",
      "resolved": "https://registry.npmjs.org/passport-strategy/-/passport-strategy-1.0.0.tgz",
      "integrity": "sha1-tVOaqPwiWj0a0XlHbd8ja0QPUuQ="
    },
    "passport-twitter": {
      "version": "1.0.4",
      "resolved": "https://registry.npmjs.org/passport-twitter/-/passport-twitter-1.0.4.tgz",
      "integrity": "sha1-AaeZ4fdgvy3knyul+6MigvGJMtc=",
      "requires": {
        "passport-oauth1": "1.x.x",
        "xtraverse": "0.1.x"
      }
    },
    "path-to-regexp": {
      "version": "0.1.7",
      "resolved": "https://registry.npmjs.org/path-to-regexp/-/path-to-regexp-0.1.7.tgz",
      "integrity": "sha1-32BBeABfUi8V60SQ5yR6G/qmf4w="
    },
    "pause": {
      "version": "0.0.1",
      "resolved": "https://registry.npmjs.org/pause/-/pause-0.0.1.tgz",
      "integrity": "sha1-HUCLP9t2kjuVQ9lvtMnf1TXZy10="
    },
    "process-nextick-args": {
      "version": "2.0.1",
      "resolved": "https://registry.npmjs.org/process-nextick-args/-/process-nextick-args-2.0.1.tgz",
      "integrity": "sha512-3ouUOpQhtgrbOa17J7+uxOTpITYWaGP7/AhoR3+A+/1e9skrzelGi/dXzEYyvbxubEF6Wn2ypscTKiKJFFn1ag=="
    },
    "proxy-addr": {
      "version": "2.0.6",
      "resolved": "https://registry.npmjs.org/proxy-addr/-/proxy-addr-2.0.6.tgz",
      "integrity": "sha512-dh/frvCBVmSsDYzw6n926jv974gddhkFPfiN8hPOi30Wax25QZyZEGveluCgliBnqmuM+UJmBErbAUFIoDbjOw==",
      "requires": {
        "forwarded": "~0.1.2",
        "ipaddr.js": "1.9.1"
      }
    },
    "qs": {
      "version": "6.7.0",
      "resolved": "https://registry.npmjs.org/qs/-/qs-6.7.0.tgz",
      "integrity": "sha512-VCdBRNFTX1fyE7Nb6FYoURo/SPe62QCaAyzJvUjwRaIsc+NePBEniHlvxFmmX56+HZphIGtV0XeCirBtpDrTyQ=="
    },
    "random-bytes": {
      "version": "1.0.0",
      "resolved": "https://registry.npmjs.org/random-bytes/-/random-bytes-1.0.0.tgz",
      "integrity": "sha1-T2ih3Arli9P7lYSMMDJNt11kNgs="
    },
    "range-parser": {
      "version": "1.2.1",
      "resolved": "https://registry.npmjs.org/range-parser/-/range-parser-1.2.1.tgz",
      "integrity": "sha512-Hrgsx+orqoygnmhFbKaHE6c296J+HTAQXoxEF6gNupROmmGJRoyzfG3ccAveqCBrwr/2yxQ5BVd/GTl5agOwSg=="
    },
    "raw-body": {
      "version": "2.4.0",
      "resolved": "https://registry.npmjs.org/raw-body/-/raw-body-2.4.0.tgz",
      "integrity": "sha512-4Oz8DUIwdvoa5qMJelxipzi/iJIi40O5cGV1wNYp5hvZP8ZN0T+jiNkL0QepXs+EsQ9XJ8ipEDoiH70ySUJP3Q==",
      "requires": {
        "bytes": "3.1.0",
        "http-errors": "1.7.2",
        "iconv-lite": "0.4.24",
        "unpipe": "1.0.0"
      }
    },
    "readable-stream": {
      "version": "2.3.7",
      "resolved": "https://registry.npmjs.org/readable-stream/-/readable-stream-2.3.7.tgz",
      "integrity": "sha512-Ebho8K4jIbHAxnuxi7o42OrZgF/ZTNcsZj6nRKyUmkhLFq8CHItp/fy6hQZuZmP/n3yZ9VBUbp4zz/mX8hmYPw==",
      "requires": {
        "core-util-is": "~1.0.0",
        "inherits": "~2.0.3",
        "isarray": "~1.0.0",
        "process-nextick-args": "~2.0.0",
        "safe-buffer": "~5.1.1",
        "string_decoder": "~1.1.1",
        "util-deprecate": "~1.0.1"
      }
    },
    "regexp-clone": {
      "version": "1.0.0",
      "resolved": "https://registry.npmjs.org/regexp-clone/-/regexp-clone-1.0.0.tgz",
      "integrity": "sha512-TuAasHQNamyyJ2hb97IuBEif4qBHGjPHBS64sZwytpLEqtBQ1gPJTnOaQ6qmpET16cK14kkjbazl6+p0RRv0yw=="
    },
    "require_optional": {
      "version": "1.0.1",
      "resolved": "https://registry.npmjs.org/require_optional/-/require_optional-1.0.1.tgz",
      "integrity": "sha512-qhM/y57enGWHAe3v/NcwML6a3/vfESLe/sGM2dII+gEO0BpKRUkWZow/tyloNqJyN6kXSl3RyyM8Ll5D/sJP8g==",
      "requires": {
        "resolve-from": "^2.0.0",
        "semver": "^5.1.0"
      }
    },
    "resolve-from": {
      "version": "2.0.0",
      "resolved": "https://registry.npmjs.org/resolve-from/-/resolve-from-2.0.0.tgz",
      "integrity": "sha1-lICrIOlP+h2egKgEx+oUdhGWa1c="
    },
    "safe-buffer": {
      "version": "5.1.2",
      "resolved": "https://registry.npmjs.org/safe-buffer/-/safe-buffer-5.1.2.tgz",
      "integrity": "sha512-Gd2UZBJDkXlY7GbJxfsE8/nvKkUEU1G38c1siN6QP6a9PT9MmHB8GnpscSmMJSoF8LOIrt8ud/wPtojys4G6+g=="
    },
    "safer-buffer": {
      "version": "2.1.2",
      "resolved": "https://registry.npmjs.org/safer-buffer/-/safer-buffer-2.1.2.tgz",
      "integrity": "sha512-YZo3K82SD7Riyi0E1EQPojLz7kpepnSQI9IyPbHHg1XXXevb5dJI7tpyN2ADxGcQbHG7vcyRHk0cbwqcQriUtg=="
    },
    "saslprep": {
      "version": "1.0.3",
      "resolved": "https://registry.npmjs.org/saslprep/-/saslprep-1.0.3.tgz",
      "integrity": "sha512-/MY/PEMbk2SuY5sScONwhUDsV2p77Znkb/q3nSVstq/yQzYJOH/Azh29p9oJLsl3LnQwSvZDKagDGBsBwSooag==",
      "optional": true,
      "requires": {
        "sparse-bitfield": "^3.0.3"
      }
    },
    "semver": {
      "version": "5.7.1",
      "resolved": "https://registry.npmjs.org/semver/-/semver-5.7.1.tgz",
      "integrity": "sha512-sauaDf/PZdVgrLTNYHRtpXa1iRiKcaebiKQ1BJdpQlWH2lCvexQdX55snPFyK7QzpudqbCI0qXFfOasHdyNDGQ=="
    },
    "send": {
      "version": "0.17.1",
      "resolved": "https://registry.npmjs.org/send/-/send-0.17.1.tgz",
      "integrity": "sha512-BsVKsiGcQMFwT8UxypobUKyv7irCNRHk1T0G680vk88yf6LBByGcZJOTJCrTP2xVN6yI+XjPJcNuE3V4fT9sAg==",
      "requires": {
        "debug": "2.6.9",
        "depd": "~1.1.2",
        "destroy": "~1.0.4",
        "encodeurl": "~1.0.2",
        "escape-html": "~1.0.3",
        "etag": "~1.8.1",
        "fresh": "0.5.2",
        "http-errors": "~1.7.2",
        "mime": "1.6.0",
        "ms": "2.1.1",
        "on-finished": "~2.3.0",
        "range-parser": "~1.2.1",
        "statuses": "~1.5.0"
      },
      "dependencies": {
        "ms": {
          "version": "2.1.1",
          "resolved": "https://registry.npmjs.org/ms/-/ms-2.1.1.tgz",
          "integrity": "sha512-tgp+dl5cGk28utYktBsrFqA7HKgrhgPsg6Z/EfhWI4gl1Hwq8B/GmY/0oXZ6nF8hDVesS/FpnYaD/kOWhYQvyg=="
        }
      }
    },
    "serve-static": {
      "version": "1.14.1",
      "resolved": "https://registry.npmjs.org/serve-static/-/serve-static-1.14.1.tgz",
      "integrity": "sha512-JMrvUwE54emCYWlTI+hGrGv5I8dEwmco/00EvkzIIsR7MqrHonbD9pO2MOfFnpFntl7ecpZs+3mW+XbQZu9QCg==",
      "requires": {
        "encodeurl": "~1.0.2",
        "escape-html": "~1.0.3",
        "parseurl": "~1.3.3",
        "send": "0.17.1"
      }
    },
    "setprototypeof": {
      "version": "1.1.1",
      "resolved": "https://registry.npmjs.org/setprototypeof/-/setprototypeof-1.1.1.tgz",
      "integrity": "sha512-JvdAWfbXeIGaZ9cILp38HntZSFSo3mWg6xGcJJsd+d4aRMOqauag1C63dJfDw7OaMYwEbHMOxEZ1lqVRYP2OAw=="
    },
    "sift": {
      "version": "7.0.1",
      "resolved": "https://registry.npmjs.org/sift/-/sift-7.0.1.tgz",
      "integrity": "sha512-oqD7PMJ+uO6jV9EQCl0LrRw1OwsiPsiFQR5AR30heR+4Dl7jBBbDLnNvWiak20tzZlSE1H7RB30SX/1j/YYT7g=="
    },
    "sliced": {
      "version": "1.0.1",
      "resolved": "https://registry.npmjs.org/sliced/-/sliced-1.0.1.tgz",
      "integrity": "sha1-CzpmK10Ewxd7GSa+qCsD+Dei70E="
    },
    "sparse-bitfield": {
      "version": "3.0.3",
      "resolved": "https://registry.npmjs.org/sparse-bitfield/-/sparse-bitfield-3.0.3.tgz",
      "integrity": "sha1-/0rm5oZWBWuks+eSqzM004JzyhE=",
      "optional": true,
      "requires": {
        "memory-pager": "^1.0.2"
      }
    },
    "statuses": {
      "version": "1.5.0",
      "resolved": "https://registry.npmjs.org/statuses/-/statuses-1.5.0.tgz",
      "integrity": "sha1-Fhx9rBd2Wf2YEfQ3cfqZOBR4Yow="
    },
    "string_decoder": {
      "version": "1.1.1",
      "resolved": "https://registry.npmjs.org/string_decoder/-/string_decoder-1.1.1.tgz",
      "integrity": "sha512-n/ShnvDi6FHbbVfviro+WojiFzv+s8MPMHBczVePfUpDJLwoLT0ht1l4YwBCbi8pJAveEEdnkHyPyTP/mzRfwg==",
      "requires": {
        "safe-buffer": "~5.1.0"
      }
    },
    "toidentifier": {
      "version": "1.0.0",
      "resolved": "https://registry.npmjs.org/toidentifier/-/toidentifier-1.0.0.tgz",
      "integrity": "sha512-yaOH/Pk/VEhBWWTlhI+qXxDFXlejDGcQipMlyxda9nthulaxLZUNcUqFxokp0vcYnvteJln5FNQDRrxj3YcbVw=="
    },
    "type-is": {
      "version": "1.6.18",
      "resolved": "https://registry.npmjs.org/type-is/-/type-is-1.6.18.tgz",
      "integrity": "sha512-TkRKr9sUTxEH8MdfuCSP7VizJyzRNMjj2J2do2Jr3Kym598JVdEksuzPQCnlFPW4ky9Q+iA+ma9BGm06XQBy8g==",
      "requires": {
        "media-typer": "0.3.0",
        "mime-types": "~2.1.24"
      }
    },
    "uid-safe": {
      "version": "2.1.5",
      "resolved": "https://registry.npmjs.org/uid-safe/-/uid-safe-2.1.5.tgz",
      "integrity": "sha512-KPHm4VL5dDXKz01UuEd88Df+KzynaohSL9fBh096KWAxSKZQDI2uBrVqtvRM4rwrIrRRKsdLNML/lnaaVSRioA==",
      "requires": {
        "random-bytes": "~1.0.0"
      }
    },
    "uid2": {
      "version": "0.0.3",
      "resolved": "https://registry.npmjs.org/uid2/-/uid2-0.0.3.tgz",
      "integrity": "sha1-SDEm4Rd03y9xuLY53NeZw3YWK4I="
    },
    "unpipe": {
      "version": "1.0.0",
      "resolved": "https://registry.npmjs.org/unpipe/-/unpipe-1.0.0.tgz",
      "integrity": "sha1-sr9O6FFKrmFltIF4KdIbLvSZBOw="
    },
    "util-deprecate": {
      "version": "1.0.2",
      "resolved": "https://registry.npmjs.org/util-deprecate/-/util-deprecate-1.0.2.tgz",
      "integrity": "sha1-RQ1Nyfpw3nMnYvvS1KKJgUGaDM8="
    },
    "utils-merge": {
      "version": "1.0.1",
      "resolved": "https://registry.npmjs.org/utils-merge/-/utils-merge-1.0.1.tgz",
      "integrity": "sha1-n5VxD1CiZ5R7LMwSR0HBAoQn5xM="
    },
    "vary": {
      "version": "1.1.2",
      "resolved": "https://registry.npmjs.org/vary/-/vary-1.1.2.tgz",
      "integrity": "sha1-IpnwLG3tMNSllhsLn3RSShj2NPw="
    },
    "xmldom": {
      "version": "0.1.31",
      "resolved": "https://registry.npmjs.org/xmldom/-/xmldom-0.1.31.tgz",
      "integrity": "sha512-yS2uJflVQs6n+CyjHoaBmVSqIDevTAWrzMmjG1Gc7h1qQ7uVozNhEPJAwZXWyGQ/Gafo3fCwrcaokezLPupVyQ=="
    },
    "xtraverse": {
      "version": "0.1.0",
      "resolved": "https://registry.npmjs.org/xtraverse/-/xtraverse-0.1.0.tgz",
      "integrity": "sha1-t0G60BjveNip0ug63gB7P3lZxzI=",
      "requires": {
        "xmldom": "0.1.x"
      }
    }
  }
}
